16543,https://crmm.ru/xapi/courses/sb_mik/5/3,21.11.2017 17:16:35
68143,https://crmm.ru/xapi/courses/sb_mik/5/3,21.11.2017 11:30:30
85190,https://crmm.ru/xapi/courses/sb_mik/5/3,01.12.2017 19:21:11
103199,https://crmm.ru/xapi/courses/sb_mik/5/3,21.11.2017 10:59:44
232380,https://crmm.ru/xapi/courses/sb_mik/5/3,09.01.2018 09:57:37
235158,https://crmm.ru/xapi/courses/sb_mik/5/3,10.01.2018 16:55:52
247997,https://crmm.ru/xapi/courses/sb_mik/5/3,22.10.2017 21:55:30
271066,https://crmm.ru/xapi/courses/sb_mik/5/3,01.11.2017 08:32:47
271422,https://crmm.ru/xapi/courses/sb_mik/5/3,15.11.2017 16:00:36
272072,https://crmm.ru/xapi/courses/sb_mik/5/3,02.12.2017 14:47:12
272227,https://crmm.ru/xapi/courses/sb_mik/5/3,19.11.2017 19:14:17
272590,https://crmm.ru/xapi/courses/sb_mik/5/3,14.11.2017 14:12:13
281637,https://crmm.ru/xapi/courses/sb_mik/5/3,24.12.2017 17:44:19
290196,https://crmm.ru/xapi/courses/sb_mik/5/3,18.12.2017 20:10:05
290317,https://crmm.ru/xapi/courses/sb_mik/5/3,18.12.2017 23:25:00
290383,https://crmm.ru/xapi/courses/sb_mik/5/3,13.12.2017 23:20:48
290394,https://crmm.ru/xapi/courses/sb_mik/5/3,12.12.2017 13:48:39
312952,https://crmm.ru/xapi/courses/sb_mik/5/3,04.01.2018 11:37:44
357201,https://crmm.ru/xapi/courses/sb_mik/5/3,27.12.2017 12:05:19
366279,https://crmm.ru/xapi/courses/sb_mik/5/3,19.12.2017 05:34:34
370897,https://crmm.ru/xapi/courses/sb_mik/5/3,21.11.2017 16:39:54
385909,https://crmm.ru/xapi/courses/sb_mik/5/3,29.12.2017 14:36:32
394342,https://crmm.ru/xapi/courses/sb_mik/5/3,13.12.2017 13:47:54
442310,https://crmm.ru/xapi/courses/sb_mik/5/3,22.11.2017 11:50:52